日期,竞品名,项目名称,中标金额(万元),采购单位,省份,信息来源,备注
2026-07-24,广西广电网络科技发展有限公司,广西建荣工程项目管理有限公司关于河池市金城江区2022年教育攻坚项目--金城江区第十五小学教育信息化设备采购工程 (HCZB2026-G1-003-GXJR) 中标结果公告,1242.38,待核实,广西壮族自治区,https://www.ggzy.gov.cn/information/deal/html/b/450000/0202/20260724/004515614f109df847cc91704c9aad01ffbb.html,A口径L2精读；主品类=信息化；证据等级=A（平台原始公告）；金额原文=中标 金额： 壹仟贰佰肆拾贰万叁仟捌佰贰拾肆元伍角玖分（ ¥12423824.59
2026-07-24,中关村科学城城市大脑股份有限公司,河池市金城江区2022年教育攻坚项目--金城江区第十四小学教育信息化设备采购工程(KWMD2G2026017)  中标结果公告,1426.74,待核实,广西壮族自治区,https://www.ggzy.gov.cn/information/deal/html/b/450000/0202/20260724/0045cd0c7b53b382405db68da514b547f2ab.html,A口径L2精读；主品类=信息化；证据等级=A（平台原始公告）；金额原文=中标 金额： 壹仟肆佰贰拾陆万柒仟肆佰贰拾叁元零捌分（￥ 14267423.08元
2026-07-24,武夷山市旭峰商贸有限公司,南平市延平区实验小学多功能录播室设施设备采购结果公告（采购包1）,66.83,待核实,福建省,https://www.ggzy.gov.cn/information/deal/html/b/350000/0202/20260724/0035a1c9d83513f245679882a3e375292d7d.html,"A口径L2精读；主品类=信息化设备；证据等级=A（平台原始公告）；金额原文=668,300.00元"
2026-07-24,齐鲁师范学院,大武口区教学研究室石嘴山市大武口区2026年国培计划GP26009县级骨干教师培养对象培训项目-（学前教育、中小学道德与法治、中小学信息科技）第三标包：中小学信息科技中标公告,25.8,待核实,宁夏回族自治区,https://www.ggzy.gov.cn/information/deal/html/b/640000/0202/20260724/00646c2c1f35455c440986b8f267cb3a13cd.html,A口径L2精读；主品类=培训；证据等级=A（平台原始公告）；金额原文=258000
2026-07-24,青海华捷电子科技有限公司,西宁市城中区政府采购服务中心关于春晖小学信息化建设项目中标(成交)结果公告,135.53,待核实,青海省,https://www.ggzy.gov.cn/information/deal/html/b/630000/0202/20260724/0063ca5d9be2f7034180988404af3663ead3.html,"A口径L2精读；主品类=信息化；证据等级=A（平台原始公告）；金额原文=中标单位:青海华捷电子科技有限公司,中标价格:1355288"
2026-07-24,内蒙古敕勒川汇产聚能服务有限公司,土默特左旗教育局土默特左旗中小学租赁人工智能与机器人教育设备项目中标（成交）结果公告,待核实,待核实,内蒙古自治区,https://www.ggzy.gov.cn/information/deal/html/b/150000/0202/20260724/001510fa9e5a56dc4310bdf688d6ac70eb9c.html,A口径L2精读；主品类=人工智能；证据等级=A（平台原始公告）；L2状态=无金额字段；金额原文=否
2026-07-24,义马市产兴科技有限公司,义马市实验小学智慧校园建设(数字教育资源)项目-中标公告,69.5,待核实,河南省,https://www.ggzy.gov.cn/information/deal/html/b/410000/0202/20260724/0041c5ce4fbfe61b42988c267a42231bb1fb.html,A口径L2精读；主品类=智慧校园；证据等级=A（平台原始公告）；金额原文=695000.00
2026-07-24,西藏炬阳信息技术有限公司,米林市中学、市小学、多卡小学云机房建设项目中标公告,待核实,待核实,西藏自治区,https://www.ggzy.gov.cn/information/deal/html/b/540000/0202/20260724/0054af6040795bd44127a9657c562b920b51.html,A口径L2精读；主品类=信息化设备；证据等级=A（平台原始公告）；L2状态=无金额字段
2026-07-24,大冶市华创电子科技有限公司,大冶市罗家桥街道办事处桃花小学大冶市第六实验学校（高中部）改造电脑采购项目（二次）中标（成交）结果公告,待核实,待核实,湖北省,https://www.ggzy.gov.cn/information/deal/html/b/420000/0202/20260724/004280f0c6a9eeb441c0a0dd274909164094.html,A口径L2精读；主品类=信息化设备；证据等级=A（平台原始公告）；L2状态=无金额字段
2026-07-24,河北浩泽天成商贸有限公司,井陉县中小学智慧黑板采购项目中标公告,待核实,待核实,河北省,https://www.ggzy.gov.cn/information/deal/html/b/130000/0202/20260724/00133fcc1bd294a24fcd9fefcf7c2e533dc2.html,A口径L2精读；主品类=智慧黑板；证据等级=A（平台原始公告）；L2状态=无金额字段
2026-07-23,秀山县雅博科技有限公司,秀山县2026年中小学触控一体机设备采购(XSX26A00403)中标（成交）结果公告,待核实,待核实,重庆市,https://www.ggzy.gov.cn/information/deal/html/b/500000/0202/20260723/0050c3284e59d91841bba2154c56feae6417.html,A口径L2精读；主品类=大屏；证据等级=A（平台原始公告）；金额原文=37
2026-07-23,秀山毅进数码科技开发有限公司,秀山县2026年中小学触控一体机设备采购(XSX26A00403)中标（成交）结果公告,待核实,待核实,重庆市,https://www.ggzy.gov.cn/information/deal/html/b/500000/0202/20260723/0050c3284e59d91841bba2154c56feae6417.html,A口径L2精读；主品类=大屏；证据等级=A（平台原始公告）；金额原文=36.81
2026-07-23,中左科技（内蒙古）有限公司,察哈尔右翼前旗黄旗海小学智慧教育信息化建设中标（成交）结果公告,待核实,待核实,内蒙古自治区,https://www.ggzy.gov.cn/information/deal/html/b/150000/0202/20260723/001571fa858884004069997aac3a17224bf5.html,A口径L2精读；主品类=智慧校园；证据等级=A（平台原始公告）；L2状态=无金额字段；金额原文=否
2026-07-23,青岛博聚源实业有限公司,青岛市黄岛区教育和体育局嘉陵江东路小学内配所需校园信息化设备项目中标公告,141.21,待核实,山东省,https://www.ggzy.gov.cn/information/deal/html/b/370000/0202/20260723/0037e18f8950d9c9421fbd1e42ccadf83e32.html,A口径L2精读；主品类=信息化；证据等级=A（平台原始公告）；金额原文=1412061.0
2026-07-23,中广（绍兴柯桥）有线信息网络有限公司,浙江金邦工程管理咨询有限公司关于平水镇小学人工智能课堂项目中标(成交)结果公告,85.0,待核实,浙江省,https://www.ggzy.gov.cn/information/deal/html/b/330000/0202/20260723/0033435fd1fa47e444b086b61eb5f7f9a8ca.html,A口径L2精读；主品类=人工智能；证据等级=A（平台原始公告）；金额原文=总价：850000（元）
2026-07-23,浙江宝兴智慧城市建设有限公司,宁波至正项目管理咨询有限公司关于江北区中小学智慧黑板采购项目中标结果公告,215.45,待核实,浙江省,https://www.ggzy.gov.cn/information/deal/html/b/330000/0202/20260723/0033f66c9ffd57004c238cc0d8a141d9dd62.html,A口径L2精读；主品类=智慧黑板；证据等级=A（平台原始公告）；金额原文=报价：人民币2154460元
2026-07-23,宁波市甬立欣和信息系统工程有限公司,宁波至正项目管理咨询有限公司关于江北区中小学智慧黑板采购项目中标结果公告,204.69,待核实,浙江省,https://www.ggzy.gov.cn/information/deal/html/b/330000/0202/20260723/0033f66c9ffd57004c238cc0d8a141d9dd62.html,A口径L2精读；主品类=智慧黑板；证据等级=A（平台原始公告）；金额原文=报价：人民币2046920元
2026-07-23,嘉兴市金穗信息技术有限公司,嘉兴市公共资源交易中心关于嘉兴市双溪湖实验小学信息化装备采购项目中标(成交)结果公告,208.07,待核实,浙江省,https://www.ggzy.gov.cn/information/deal/html/b/330000/0202/20260723/0033282fe806f7724a9983de49f91239011b.html,A口径L2精读；主品类=信息化；证据等级=A（平台原始公告）；金额原文=投标报价：2080683（元）
2026-07-22,中国电信股份有限公司,黄冈中学附属小学教师办公电脑及多媒体教室设备采购项目中标结果公告,待核实,待核实,湖北省,https://www.ggzy.gov.cn/information/deal/html/b/420000/0202/20260722/0042a14ad597b5654097987d918aafddffe9.html,A口径L2精读；主品类=信息化设备；证据等级=A（平台原始公告）；L2状态=无金额字段
2026-07-22,中电鸿信信息科技有限公司,【铜】徐州市铜山区教育局中小学考试机房计算机项目公开招标中标公告采购包2,239.25,待核实,江苏省,https://www.ggzy.gov.cn/information/deal/html/b/320000/0202/20260722/003239e133539ad34e93834b5a17ded2e1cd.html,A口径L2精读；主品类=信息化设备；证据等级=A（平台原始公告）；金额原文=2392500元
2026-07-22,中电鸿信信息科技有限公司,【铜】徐州市铜山区教育局中小学考试机房计算机项目公开招标中标公告采购包1,239.25,待核实,江苏省,https://www.ggzy.gov.cn/information/deal/html/b/320000/0202/20260722/003223eb7740151442e3b16e090c05ee4cab.html,A口径L2精读；主品类=信息化设备；证据等级=A（平台原始公告）；金额原文=2392500元
2026-07-22,中国移动通信集团广东有限公司东莞分公司,东莞市松山湖第一小学增加信息化配套设备采购项目（二期）结果公告,145.97,待核实,广东省,https://www.ggzy.gov.cn/information/deal/html/b/440000/0202/20260722/00448b2551b422734952a2896da0c4cf2e8a.html,"A口径L2精读；主品类=信息化；证据等级=A（平台原始公告）；金额原文=1,459,680.00元"
2026-07-22,金华合创科技有限公司,金华市政府采购中心关于金华市志和小学计算机教室采购项目中标(成交)结果公告,31.79,待核实,浙江省,https://www.ggzy.gov.cn/information/deal/html/b/330000/0202/20260722/0033540771e98b4e4f1a8541d270c73d082d.html,A口径L2精读；主品类=信息化设备；证据等级=A（平台原始公告）；金额原文=总价：317860（元）
2026-07-22,江西平梵鸭文化传媒有限公司,江西东诚招标咨询有限公司关于临川区罗湖镇中心小学新建综合楼装备信息化建设设备采购项目（招标编号：JXDC2026-G04）公开招标采购结果公示,待核实,待核实,江西省,https://www.ggzy.gov.cn/information/deal/html/b/360000/0202/20260722/0036d87a79ca4b2043eb8d0fbe94ae50980e.html,A口径L2精读；主品类=信息化；证据等级=A（平台原始公告）；L2状态=无金额字段
2026-07-21,宁夏兴业智恒科技有限公司,宁夏银川市二十一小学智慧黑板设备采购项目中标公告,145.8,待核实,宁夏回族自治区,https://www.ggzy.gov.cn/information/deal/html/b/640000/0202/20260721/00646c095fbfae4840198be35d622bf149fe.html,A口径L2精读；主品类=智慧黑板；证据等级=A（平台原始公告）；金额原文=1458000
2026-07-21,河北始勤科技有限公司,巨鹿县育红小学办公信息化设备采购项目（二次）中标公告,47.36,待核实,河北省,https://www.ggzy.gov.cn/information/deal/html/b/130000/0202/20260721/0013b778d73838ea4f8ab6b917833a6bcfea.html,A口径L2精读；主品类=信息化；证据等级=A（平台原始公告）；金额原文=中标金额： 473605.00元
2026-07-21,黄冈市峰晟网络科技有限公司,黄冈中学附属小学智慧黑板采购项目中标结果公告,待核实,待核实,湖北省,https://www.ggzy.gov.cn/information/deal/html/b/420000/0202/20260721/0042fcf9644d8ce54c3dafc7362bc4ad7010.html,A口径L2精读；主品类=智慧黑板；证据等级=A（平台原始公告）；L2状态=无金额字段
2026-07-21,陕西关天大数据有限责任公司,宝鸡第一中学附属小学体音美器材、图书、课桌椅、信息化设备采购结果公告,56.6,待核实,陕西省,https://www.ggzy.gov.cn/information/deal/html/b/610000/0202/20260721/0061cfb5f2ed3eb040c4a97ff0c419b0bb06.html,"A口径L2精读；主品类=信息化；证据等级=A（平台原始公告）；金额原文=566,000.00元"
2026-07-21,金华依云智慧科技有限公司,金华市政府采购中心武义县分中心关于武义县继续教育中心2026年武义县中小学多媒体项目中标(成交)结果公告,98.12,待核实,浙江省,https://www.ggzy.gov.cn/information/deal/html/b/330000/0202/20260721/00337dfe11649328454a874e34a254d562ed.html,A口径L2精读；主品类=培训；证据等级=A（平台原始公告）；金额原文=总价：981160（元）
2026-07-21,浙江学行教育科技有限公司,嵊州市力标招标代理有限公司关于嵊州市2026年下半年中小学教师专业发展培训项目中标(成交)结果公告,29.97,待核实,浙江省,https://www.ggzy.gov.cn/information/deal/html/b/330000/0202/20260721/0033fbfa320f59ed43d7a6673de840ea8c91.html,A口径L2精读；主品类=培训；证据等级=A（平台原始公告）；金额原文=投标报价：299700（元）
2026-07-21,北京继教网教育科技发展有限公司,嵊州市力标招标代理有限公司关于嵊州市2026年下半年中小学教师专业发展培训项目中标(成交)结果公告,16.02,待核实,浙江省,https://www.ggzy.gov.cn/information/deal/html/b/330000/0202/20260721/0033fbfa320f59ed43d7a6673de840ea8c91.html,A口径L2精读；主品类=培训；证据等级=A（平台原始公告）；金额原文=投标报价：160200（元）
2026-07-21,中国电信股份有限公司,赣州华昇咨询管理有限责任公司关于江西省兴国县教育体育局兴国县第九中学附属小学金叶二小网络、会议室、录播教室及报告厅设备采购项目（项目编号：GZHS2026-XG-G001）电子化公开招标的中标结果公告,待核实,待核实,江西省,https://www.ggzy.gov.cn/information/deal/html/b/360000/0202/20260721/00361f3d841f049c4028bfa3035d178cab87.html,A口径L2精读；主品类=信息化设备；证据等级=A（平台原始公告）；L2状态=无金额字段
2026-07-20,安徽智慧皆成数字技术有限公司,天津市和平区教师发展中心 2026年和平区小学及职校学业质量监测运维服务项目 (项目编号:TJHP-2026-D-0028)成交公告,0.01,待核实,天津市,https://www.ggzy.gov.cn/information/deal/html/b/120000/0202/20260720/001210f6d83a406d454ea12bb90f355bf4f8.html,A口径L2精读；主品类=教研；证据等级=A（平台原始公告）；金额原文=83.75
2026-07-20,绵竹市巨川科技有限公司,绵竹市紫岩小学校美育楼计算机教室设备采购项目(二次)中标（成交）结果公告,64.7,待核实,四川省,https://www.ggzy.gov.cn/information/deal/html/b/510000/0202/20260720/00514859660487704e25b36ebbf2395d3661.html,"A口径L2精读；主品类=信息化设备；证据等级=A（平台原始公告）；金额原文=647,000.00元"
2026-07-20,北京贝能达智控科技有限公司,石景山区银河小学信息化基础设施改造项目中标公告,195.0,待核实,北京,https://www.ggzy.gov.cn/information/deal/html/b/110000/0202/20260720/001189eb1be75b6342c087dab5422de2d451.html,A口径L2精读；主品类=信息化；证据等级=A（平台原始公告）；金额原文=195 万元
2026-07-20,长烽数智科技（山东）有限公司,赣州市启航招标代理有限公司关于江西省兴国县教育体育局兴国县第九中学附属小学金叶二小教学一体机、办公电脑及学生机房、教学仪器项目（项目编号：GZQH2026-XG-G006）电子化公开招标结果公告,待核实,待核实,江西省,https://www.ggzy.gov.cn/information/deal/html/b/360000/0202/20260720/00360c34f564d1ae4ed5a4e0998296f2884f.html,A口径L2精读；主品类=智慧黑板；证据等级=A（平台原始公告）；L2状态=无金额字段
2026-07-24,北京中诚佳汇科技有限公司,吐鲁番市托克逊县改善普通高中学校办学条件信息化设备采购项目-信息化设备中标(成交)结果公告,339.02,待核实,新疆维吾尔自治区,https://www.ggzy.gov.cn/information/deal/html/b/650000/0202/20260724/006588541baa26034159bd1ebc27c4814d49.html,A口径L2精读；主品类=信息化；证据等级=A（平台原始公告）；金额原文=报价：3390186.18（元）
2026-07-24,福建广电网络集团股份有限公司厦门分公司,厦门双十中学金海分校综合布线、安防设备及广播等信息化建设结果公告（采购包1）,246.54,待核实,福建省,https://www.ggzy.gov.cn/information/deal/html/b/350000/0202/20260724/003563762601b1de43c281da85a360c5d182.html,"A口径L2精读；主品类=信息化；证据等级=A（平台原始公告）；金额原文=2,465,382.00元"
2026-07-24,中国电信股份有限公司,河池市金城江区2022年教育攻坚项目—金城江区第八初级中学教育信息化设备采购工程中标结果公告（项目编号：HCZB2026-G1-009-GXDZ）,1928.86,待核实,广西壮族自治区,https://www.ggzy.gov.cn/information/deal/html/b/450000/0202/20260724/00454273ad7141e04660bab7b784c0ec4c89.html,A口径L2精读；主品类=信息化；证据等级=A（平台原始公告）；金额原文=中标金额：壹仟玖佰贰拾捌万捌仟陆佰贰拾柒元壹角陆分（￥ 19288627.16 
2026-07-24,四川视明志成科技有限公司,西昌市川兴中学智慧黑板采购项目中标（成交）结果公告,39.48,待核实,四川省,https://www.ggzy.gov.cn/information/deal/html/b/510000/0202/20260724/00511a4de131b9ad4911addd09a427e181fa.html,"A口径L2精读；主品类=智慧黑板；证据等级=A（平台原始公告）；金额原文=394,800.00元"
2026-07-24,新疆奥智达电子科技有限公司,玛纳斯县第三中学多功能厅LED屏、音响灯光及辅助设施及学生教室护眼灯采购项目中标(成交)结果公告,28.53,待核实,新疆维吾尔自治区,https://www.ggzy.gov.cn/information/deal/html/b/650000/0202/20260724/006584a074eeb1434495829093da0d128d42.html,A口径L2精读；主品类=大屏；证据等级=A（平台原始公告）；金额原文=报价：285300（元）
2026-07-24,广州美盈智能科技有限公司,东莞湾区中学鸿蒙教学一体机及办公电脑采购项目结果公告,328.02,待核实,广东省,https://www.ggzy.gov.cn/information/deal/html/b/440000/0202/20260724/0044aed79c78e0f549839c235a5ba4bd59c5.html,"A口径L2精读；主品类=智慧黑板；证据等级=A（平台原始公告）；金额原文=3,280,200.00元"
2026-07-24,宁夏新华新文化实业有限公司,中卫市第三中学教育数字化揭榜挂帅数据赋能规模化因材教项目中标公告,79.9,待核实,宁夏回族自治区,https://www.ggzy.gov.cn/information/deal/html/b/640000/0202/20260724/00645ab33f88688843869397dbcf72beadcb.html,A口径L2精读；主品类=信息化；证据等级=A（平台原始公告）；金额原文=799000.00
2026-07-24,濮阳市辉腾网络科技有限公司,濮阳市华龙区高级中学采购教室多媒体及空调设备项目一标段成交公告,69.66,待核实,河南省,https://www.ggzy.gov.cn/information/deal/html/b/410000/0202/20260724/00413c9091c8793d42efa794636c898f6002.html,A口径L2精读；主品类=信息化设备；证据等级=A（平台原始公告）；金额原文=696600.00
2026-07-24,内蒙古行与知教育科技有限公司,乌兰浩特市第七中学信息化设备采购(二次)中标（成交）结果公告,待核实,待核实,内蒙古自治区,https://www.ggzy.gov.cn/information/deal/html/b/150000/0202/20260724/00155b779670938549c48c6d343986a7f37f.html,A口径L2精读；主品类=信息化；证据等级=A（平台原始公告）；L2状态=无金额字段；金额原文=否
2026-07-24,中国移动通信集团四川有限公司德阳分公司,绵竹中学初中部绵竹市城东中学计算机网络教室和教学用计算机采购中标（成交）结果公告,269.42,待核实,四川省,https://www.ggzy.gov.cn/information/deal/html/b/510000/0202/20260724/0051b295a3770ae74aeebf9230a7533bb968.html,"A口径L2精读；主品类=信息化设备；证据等级=A（平台原始公告）；金额原文=2,694,240.00元"
2026-07-24,哈尔滨确然科技有限公司,通榆县第一中学校智慧校园（校园食品安全管理软硬件）项目中标(成交)结果公告,41.7,待核实,吉林省,https://www.ggzy.gov.cn/information/deal/html/b/220000/0202/20260724/002271c2346214704896bb0678d24db091c8.html,A口径L2精读；主品类=智慧校园；证据等级=A（平台原始公告）；金额原文=总价：417000（元）
2026-07-24,运城市联盛电子科技有限公司,绛县中学公开招标新建绛县中学校配套设施设备采购项目-报告厅及体育配套LED屏采购结果公告,85.83,待核实,山西省,https://www.ggzy.gov.cn/information/deal/html/b/140000/0202/20260724/0014295cb710ac294adbadaeb2b7174d04ac.html,A口径L2精读；主品类=大屏；证据等级=A（平台原始公告）；金额原文=报价：858286（元）
2026-07-24,中电鸿信信息科技有限公司,南通市小海中学交互式教学一体机（电子黑板）采购中标公告采购包1,34.67,待核实,江苏省,https://www.ggzy.gov.cn/information/deal/html/b/320000/0202/20260724/00325cd33187f9284e1688a2639351719e5b.html,A口径L2精读；主品类=智慧黑板；证据等级=A（平台原始公告）；金额原文=346688元
2026-07-24,榆林市劲康体育用品销售有限公司,榆林市第十三中学智慧校园设备项目中标（成交）结果公告,252.94,待核实,陕西省,https://www.ggzy.gov.cn/information/deal/html/b/610000/0202/20260724/0061101ba5e056ae46e997bc55675f664fb8.html,"A口径L2精读；主品类=智慧校园；证据等级=A（平台原始公告）；金额原文=2,529,446.00元"
2026-07-24,中国移动通信集团吉林有限公司通化市分公司,柳河县第一中学2026年采购智慧黑板（6.1）中标(成交)结果公告,49.73,待核实,吉林省,https://www.ggzy.gov.cn/information/deal/html/b/220000/0202/20260724/0022f912748e69024aa2a96533e3313d7774.html,A口径L2精读；主品类=智慧黑板；证据等级=A（平台原始公告）；金额原文=单价：497300（元），总价：497300（元）
2026-07-24,中国联合网络通信有限公司,南昌市政府采购中心关于南昌市第一中学华侨城校区台式计算机采购项目（项目编号：NCZFCG2026-0062）询价结果公示,待核实,待核实,江西省,https://www.ggzy.gov.cn/information/deal/html/b/360000/0202/20260724/003635b66162912f480f937115ce1bb04e68.html,A口径L2精读；主品类=信息化设备；证据等级=A（平台原始公告）；L2状态=无金额字段
2026-07-24,中国联合网络通信有限公司,南昌市政府采购中心关于南昌市第一中学华侨城校区触控一体机采购项目（项目编号：NCZFCG2026-0063）询价采购公示,待核实,待核实,江西省,https://www.ggzy.gov.cn/information/deal/html/b/360000/0202/20260724/00361ed884eebe70489a938e691bb65d90a4.html,A口径L2精读；主品类=大屏；证据等级=A（平台原始公告）；L2状态=无金额字段
2026-07-23,中国移动通信集团,十堰市高级中学十堰市高级中学智慧校园建设项目中标（成交）结果公告,待核实,待核实,湖北省,https://www.ggzy.gov.cn/information/deal/html/b/420000/0202/20260723/0042e7c69b185fb64c5b9e1a59d7625bbed8.html,A口径L2精读；主品类=智慧校园；证据等级=A（平台原始公告）；L2状态=无金额字段
2026-07-23,邢台碧清环保科技有限公司,临西实验中学教学楼护眼灯采购项目及智能体验室建设项目一标段中标公告,24.77,待核实,河北省,https://www.ggzy.gov.cn/information/deal/html/b/130000/0202/20260723/00139d401ed9cb9b4d2cbb8025f1ec9e18e5.html,A口径L2精读；主品类=人工智能；证据等级=A（平台原始公告）；金额原文=中标金额： 247650.00元
2026-07-23,河北汇元教育装备科技有限公司,临西实验中学教学楼护眼灯采购项目及智能体验室建设项目二标段中标公告,25.88,待核实,河北省,https://www.ggzy.gov.cn/information/deal/html/b/130000/0202/20260723/0013af5bec99807a4c169886c38df9114677.html,A口径L2精读；主品类=人工智能；证据等级=A（平台原始公告）；金额原文=中标金额： 258757.88元
2026-07-23,北京竞业达数字系统科技有限公司,天津市西青区教育局机关 2026年天津市西青区张家窝镇体育文化地块中学智慧黑板购置安装项目 (项目编号:ZKGP-2026-C-0138)中标公告,0.01,待核实,天津市,https://www.ggzy.gov.cn/information/deal/html/b/120000/0202/20260723/001253c14d600b9249d8967ba7abc5c115fb.html,A口径L2精读；主品类=智慧黑板；证据等级=A（平台原始公告）；金额原文=99.96
2026-07-23,山东爱建计算机科技有限公司,山东省淄博第十七中学新校内配采购项目-录播室、创新教室、标准化考场、图书馆中标结果公告,待核实,待核实,山东省,https://www.ggzy.gov.cn/information/deal/html/b/370000/0202/20260723/003759c4b9a1e1a643ec83455d4208a21ecf.html,A口径L2精读；主品类=信息化设备；证据等级=A（平台原始公告）；L2状态=无金额字段
2026-07-23,维安（山东）数字技术有限公司,山东省淄博第十七中学新校内配采购项目-录播室、创新教室、标准化考场、图书馆中标结果公告,待核实,待核实,山东省,https://www.ggzy.gov.cn/information/deal/html/b/370000/0202/20260723/003759c4b9a1e1a643ec83455d4208a21ecf.html,A口径L2精读；主品类=信息化设备；证据等级=A（平台原始公告）；L2状态=无金额字段
2026-07-23,山东晟熠电子技术有限公司,山东省淄博第十七中学新校内配采购项目-录播室、创新教室、标准化考场、图书馆中标结果公告,待核实,待核实,山东省,https://www.ggzy.gov.cn/information/deal/html/b/370000/0202/20260723/003759c4b9a1e1a643ec83455d4208a21ecf.html,A口径L2精读；主品类=信息化设备；证据等级=A（平台原始公告）；L2状态=无金额字段
2026-07-23,张家口市科达数码科技有限公司,Z1307002602042001张家口市第九中学智慧校园专用设备购置项目结果公告,待核实,待核实,河北省,https://www.ggzy.gov.cn/information/deal/html/b/130000/0202/20260723/0013c7ecf186908343f2b0986d9f1f58ecd5.html,A口径L2精读；主品类=智慧校园；证据等级=A（平台原始公告）；L2状态=无金额字段
2026-07-22,河北蓝益信息技术有限公司,Z1302002604572201唐山市龙泉中学龙华中学长宁校区信息化建设智慧黑板采购项目结果公告,待核实,待核实,河北省,https://www.ggzy.gov.cn/information/deal/html/b/130000/0202/20260722/0013a4a0b4629a3f40b093cebeef962e4567.html,A口径L2精读；主品类=智慧黑板；证据等级=A（平台原始公告）；L2状态=无金额字段
2026-07-22,泉州创佳赫信息科技有限公司,福建省邵武第一中学录播室建设项目结果公告（采购包1）,58.0,待核实,福建省,https://www.ggzy.gov.cn/information/deal/html/b/350000/0202/20260722/003535637a55e4804f5e8c58304aae956638.html,"A口径L2精读；主品类=信息化设备；证据等级=A（平台原始公告）；金额原文=580,000.00元"
2026-07-22,内蒙古聚优数创科技有限公司,赤峰新城实验中学智能交互黑板及会议平板采购项目中标（成交）结果公告,待核实,待核实,内蒙古自治区,https://www.ggzy.gov.cn/information/deal/html/b/150000/0202/20260722/00158321bdc7439e4fa898e572b19605bffe.html,A口径L2精读；主品类=智慧黑板；证据等级=A（平台原始公告）；L2状态=无金额字段；金额原文=是
2026-07-22,天津双佳科技股份有限公司,天津市宝坻区第四中学 2026年宝坻区第四中学智慧黑板采购项目 (项目编号:WBZB2026A-011)中标公告,0.01,待核实,天津市,https://www.ggzy.gov.cn/information/deal/html/b/120000/0202/20260722/0012f333874921664f72941e4cb6c1abc43c.html,A口径L2精读；主品类=智慧黑板；证据等级=A（平台原始公告）；金额原文=82.2
2026-07-22,杭州校云智慧科技有限公司,杭州市教育发展服务中心关于杭州高级中学钱塘学校配套信息化及专用教室设备（数智基座三期）中标(成交)结果公告,95.8,待核实,浙江省,https://www.ggzy.gov.cn/information/deal/html/b/330000/0202/20260722/0033b375c850389e48c8ad3e40dada1d7eb6.html,A口径L2精读；主品类=信息化；证据等级=A（平台原始公告）；金额原文=开标总报价 ：958020（元）
2026-07-22,临沂程思商贸有限公司,沂水县第一中学北校区智慧黑板采购项目,待核实,待核实,山东省,https://www.ggzy.gov.cn/information/deal/html/b/370000/0202/20260722/00373af21583d4dc41c18dbd1da382aa3025.html,A口径L2精读；主品类=智慧黑板；证据等级=A（平台原始公告）；L2状态=无金额字段
2026-07-22,江西城泰建设科技有限公司,江西沁慧项目管理咨询有限公司关于南丰县第二中学学术报告厅及多功能教研中心等工程（第二次）（项目编号：JXQH-2026-08-01）竞争性磋商成交公示,待核实,待核实,江西省,https://www.ggzy.gov.cn/information/deal/html/b/360000/0202/20260722/003670c1e9a51afb4721ae9255810787e061.html,A口径L2精读；主品类=教研；证据等级=A（平台原始公告）；L2状态=无金额字段
2026-07-21,石家庄慈宏商贸有限公司,河北省晋州市第二中学购置学生机房设备中标公告,54.0,待核实,河北省,https://www.ggzy.gov.cn/information/deal/html/b/130000/0202/20260721/001329485bd1d51d4eb3a66a4e6d7e0da69b.html,A口径L2精读；主品类=信息化设备；证据等级=A（平台原始公告）；金额原文=540000
2026-07-21,南通东来数码科技发展有限公司,启东市蝶湖中学2026年计算机教室设施设备采购与安装项目成交公告采购包1,28.79,待核实,江苏省,https://www.ggzy.gov.cn/information/deal/html/b/320000/0202/20260721/0032e242db595dd44fc8b3b6d78e1535ca38.html,A口径L2精读；主品类=信息化设备；证据等级=A（平台原始公告）；金额原文=287870元
2026-07-21,中拓众创（河北）建设工程有限公司,涉县第二中学机电实训室、学科教研中心及宿舍楼提升改造工程 竞争性磋商中标公告,待核实,待核实,河北省,https://www.ggzy.gov.cn/information/deal/html/b/130000/0202/20260721/0013ae8be067cd6f41ac8eefb7a2d07f418b.html,A口径L2精读；主品类=教研；证据等级=A（平台原始公告）；L2状态=无金额字段
2026-07-21,成都数智凯创科技有限公司,乐山市第七中学电子白板采购项目中标（成交）结果公告,179.8,待核实,四川省,https://www.ggzy.gov.cn/information/deal/html/b/510000/0202/20260721/0051a579e9f8f7854cdc93e95feae87c1718.html,"A口径L2精读；主品类=智慧黑板；证据等级=A（平台原始公告）；金额原文=1,798,000.00元"
2026-07-21,中国移动通信集团浙江有限公司温州分公司,浙江中正工程项目管理有限公司关于苍南县第二高级中学监控改造及智慧校园采购项目中标(成交)结果公告,84.87,待核实,浙江省,https://www.ggzy.gov.cn/information/deal/html/b/330000/0202/20260721/0033d796972010f14ab2a084bc4264f54279.html,A口径L2精读；主品类=智慧校园；证据等级=A（平台原始公告）；金额原文=总价：848697（元）
2026-07-20,中国移动通信集团广东有限公司,广东仲元中学莲花湾学校信息化设备采购项目结果公告,98.78,待核实,广东省,https://www.ggzy.gov.cn/information/deal/html/b/440000/0202/20260720/0044976c2419ace24b48a0e2fbdf341a499a.html,"A口径L2精读；主品类=信息化；证据等级=A（平台原始公告）；金额原文=987,770.00元"
2026-07-20,福建鑫宏毅信息技术有限公司,泉州第五中学海丝校区触控一体机及光能黑板货物类采购结果公告（采购包1）,74.92,待核实,福建省,https://www.ggzy.gov.cn/information/deal/html/b/350000/0202/20260720/003593f25eef275a48be8319512145d1ce11.html,"A口径L2精读；主品类=大屏；证据等级=A（平台原始公告）；金额原文=749,250.00元"
2026-07-20,力天世纪企业策划（重庆）有限公司,宜宾市三中屏山县岷江实验中学校智慧黑板、学生桌椅等设备设施采购项目（学生公寓床、桌椅、智慧黑板）(二次)中标（成交）结果公告,29.05,待核实,四川省,https://www.ggzy.gov.cn/information/deal/html/b/510000/0202/20260720/005110c1de156e864ca4b101ba4f5f3770cc.html,"A口径L2精读；主品类=智慧黑板；证据等级=A（平台原始公告）；金额原文=290,465.00元"
2026-07-20,新乡市美雅商贸有限公司,新乡市第十中学直录播教室升级改造项目-成交公告,59.95,待核实,河南省,https://www.ggzy.gov.cn/information/deal/html/b/410000/0202/20260720/004145382577bad0413cb1e8808ac9ef066d.html,A口径L2精读；主品类=信息化设备；证据等级=A（平台原始公告）；金额原文=599500
2026-07-20,维诚张家口科技有限公司,Z1307252600322001尚义县第二中学2026年书法教室设备、学生储物柜、智慧黑板及校园智慧安防建设设备采购项目结果公告,待核实,待核实,河北省,https://www.ggzy.gov.cn/information/deal/html/b/130000/0202/20260720/0013a590a33b771b48ce9c00ad881038e0c8.html,A口径L2精读；主品类=智慧黑板；证据等级=A（平台原始公告）；L2状态=无金额字段
2026-07-20,四川文轩教育科技有限公司,甘洛县教育和体育局甘洛县第二中学信息化场馆建设项目中标（成交）结果公告,869.5,待核实,四川省,https://www.ggzy.gov.cn/information/deal/html/b/510000/0202/20260720/005159298886f7cf4d26830b7b2d49965c36.html,"A口径L2精读；主品类=信息化；证据等级=A（平台原始公告）；金额原文=8,695,000.00元"
2026-07-20,杭州智闻道科技有限公司,浙江中正工程项目管理有限公司关于开化中学高一高二数学、英语教师教学能力提升培训项目中标(成交)结果公告,93.0,待核实,浙江省,https://www.ggzy.gov.cn/information/deal/html/b/330000/0202/20260720/00334c0e811744ad42aa9dce7fe970d92926.html,A口径L2精读；主品类=培训；证据等级=A（平台原始公告）；金额原文=总价：930000（元）
2026-07-20,南昌菱形信息技术股份有限公司,安义县公共资源交易中心关于安义县龙津镇中心学校安义县龙津中学信息化教学设备购置项目（项目编号：AYZFCG2026-G003）电子化公开招标采购结果公示,待核实,待核实,江西省,https://www.ggzy.gov.cn/information/deal/html/b/360000/0202/20260720/0036da39afb4498047fdbeb3330070580c5d.html,A口径L2精读；主品类=信息化；证据等级=A（平台原始公告）；L2状态=无金额字段
2026-07-24,北京人大文化科技园建设发展有限公司,长治市教育局单一来源采购AI+数据双轮驱动学科核心素养提升工程结果公告,239.8,待核实,山西省,https://www.ggzy.gov.cn/information/deal/html/b/140000/0202/20260724/001424f2fbcd485044bd9a39d7d84d28f734.html,A口径L2精读；主品类=人工智能；证据等级=A（平台原始公告）；金额原文=报价：2398000（元）
2026-07-24,晋城市鼎峰网络科技有限公司,高平市教育局公开招标高平教育局增设地震预警信息发布终端项目结果公告,38.8,待核实,山西省,https://www.ggzy.gov.cn/information/deal/html/b/140000/0202/20260724/0014cf3f371067ec46d8b97268fb994d0c2f.html,A口径L2精读；主品类=信息化设备；证据等级=A（平台原始公告）；金额原文=报价：388008（元）
2026-07-24,武汉淘师湾网络教育科技股份有限公司,黄石市教育局黄石市“国培计划（2026）”教师培训中标（成交）结果公告,待核实,待核实,湖北省,https://www.ggzy.gov.cn/information/deal/html/b/420000/0202/20260724/00428bafaeb641dd4ef0a3ab5c81af57dab1.html,A口径L2精读；主品类=培训；证据等级=A（平台原始公告）；L2状态=无金额字段
2026-07-23,四川星霖星冉科技有限公司,小金县教育局小金县.教育局2026年“网链共享计划”直录播设施设备采购项目(二次)中标（成交）结果公告,17.57,待核实,四川省,https://www.ggzy.gov.cn/information/deal/html/b/510000/0202/20260723/0051162f370b55df459f8a1907298583bfd5.html,"A口径L2精读；主品类=信息化设备；证据等级=A（平台原始公告）；金额原文=175,700.00元"
2026-07-22,武汉任重思源科技有限公司,曾都区教育局干部人事档案数字化建设项目中标(成交)结果公告,待核实,待核实,湖北省,https://www.ggzy.gov.cn/information/deal/html/b/420000/0202/20260722/00426764bd83d2f24d279f05524fb92afec4.html,A口径L2精读；主品类=信息化；证据等级=A（平台原始公告）；L2状态=无金额字段
2026-07-22,四川豪新科技有限公司,成都市金牛区教育局金牛区教育局2026年信息化教学设备采购项目中标（成交）结果公告,127.54,待核实,四川省,https://www.ggzy.gov.cn/information/deal/html/b/510000/0202/20260722/00516cef975151f34b2b865fb789b089b643.html,"A口径L2精读；主品类=信息化；证据等级=A（平台原始公告）；金额原文=1,275,355.00元"
2026-07-22,中国移动通信集团,Z1302002604522201唐山市路北区教育局AI英语听说课堂采购项目结果公告,待核实,待核实,河北省,https://www.ggzy.gov.cn/information/deal/html/b/130000/0202/20260722/00133ae7f697b90d40c58e2ac265ad36716e.html,A口径L2精读；主品类=人工智能；证据等级=A（平台原始公告）；L2状态=无金额字段
2026-07-20,天津嘉之信科技发展有限公司,天津市东丽区教育局机关 2026年天津市东丽区教育局新建学校计算机、信息教室购置安装项目 (项目编号:TJDL-2026-A-0003)中标公告,待核实,待核实,天津市,https://www.ggzy.gov.cn/information/deal/html/b/120000/0202/20260720/0012bcd9cbee2a8e486695c335433ea9396c.html,A口径L2精读；主品类=信息化设备；证据等级=A（平台原始公告）；金额原文=23.95
2026-07-20,浙江新远方信息产业发展有限公司,杭州市公共资源交易中心高新技术产业开发区（滨江）分中心关于杭州市滨江区教育局下属学校2026年触控一体机采购及安装项目中标(成交)结果公告,231.52,待核实,浙江省,https://www.ggzy.gov.cn/information/deal/html/b/330000/0202/20260720/0033eb59ef5df66e45b0aa18b1b100c0988b.html,A口径L2精读；主品类=大屏；证据等级=A（平台原始公告）；金额原文=总价：2315240（元）
2026-07-24,北京爱宾果科技有限公司,永吉县义务教育信息化设备采购项目（三次）中标(成交)结果公告,25.74,待核实,吉林省,https://www.ggzy.gov.cn/information/deal/html/b/220000/0202/20260724/0022f16ffc3db4d645588c806cd0a3fa665e.html,A口径L2精读；主品类=信息化；证据等级=A（平台原始公告）；金额原文=总价：257380（元）
2026-07-24,吉林市瑞之德科技有限公司,永吉县义务教育信息化设备采购项目（三次）中标(成交)结果公告,24.73,待核实,吉林省,https://www.ggzy.gov.cn/information/deal/html/b/220000/0202/20260724/0022f16ffc3db4d645588c806cd0a3fa665e.html,A口径L2精读；主品类=信息化；证据等级=A（平台原始公告）；金额原文=总价：247250（元）
2026-07-26,成都佳成银瑞科技有限公司,邛崃市西街小学触控一体机直接选定采购合同,18.39,待核实,四川省,https://www.ggzy.gov.cn/information/deal/html/b/510000/0203/20260726/00518c87a3e2e19b4b00be4b057620da5d3e.html,"A口径L2精读；主品类=大屏；证据等级=A（平台原始公告）；金额原文=合同金额 183,920元"
2026-07-26,丹江口市智教优配服务管理有限公司,2026年中小学教室触控一体机采购,134.38,待核实,湖北省,https://www.ggzy.gov.cn/information/deal/html/b/420000/0203/20260726/00425cc8c90732ea41ef9b5967f5689492fd.html,A口径L2精读；主品类=大屏；证据等级=A（平台原始公告）；金额原文=合同金额 134.376万元
2026-07-26,中国电信股份有限公司,2026年江汉区中小学智慧黑板采购 （第一包）,74.6,待核实,湖北省,https://www.ggzy.gov.cn/information/deal/html/b/420000/0203/20260726/00427f2c23b8c9cb4d4e8ea1109a8677a2b0.html,A口径L2精读；主品类=智慧黑板；证据等级=A（平台原始公告）；金额原文=合同金额 74.6万元
2026-07-25,中移建设有限公司,宣恩县优质均衡发展中小学电子化测试计算机教室设备采购项目合同书,296.7,待核实,湖北省,https://www.ggzy.gov.cn/information/deal/html/b/420000/0203/20260725/0042c3947f97475144d29c4170f0e524a8e5.html,A口径L2精读；主品类=信息化设备；证据等级=A（平台原始公告）；金额原文=合同金额 296.703万元
2026-07-25,三明市名门一号工贸有限公司,永安市西门小学科学培训基地实训室建设项目,116.31,待核实,福建省,https://www.ggzy.gov.cn/information/deal/html/b/350000/0203/20260725/0035cef4c6251fc44ee89f7d416d66dca00d.html,"A口径L2精读；主品类=培训；证据等级=A（平台原始公告）；金额原文=合同金额 1,163,074.5元"
2026-07-24,武汉云智慧信息工程有限公司,2026年江汉区中小学智慧黑板采购(第二包）,59.58,待核实,湖北省,https://www.ggzy.gov.cn/information/deal/html/b/420000/0203/20260724/00427f1222adfbd449e5b36b08cf5c0be66c.html,A口径L2精读；主品类=智慧黑板；证据等级=A（平台原始公告）；金额原文=合同金额 59.58万元
2026-07-24,武汉爱迪科技股份有限公司,2026年江汉区中小学智慧黑板采购（第三包）,111.51,待核实,湖北省,https://www.ggzy.gov.cn/information/deal/html/b/420000/0203/20260724/00423c70f4e5137d416c82c9d1969dbe41c8.html,A口径L2精读；主品类=智慧黑板；证据等级=A（平台原始公告）；金额原文=合同金额 111.507万元
2026-07-24,四川文轩教育科技有限公司,南江县文庙小学台式计算机直接选定采购合同,1.35,待核实,四川省,https://www.ggzy.gov.cn/information/deal/html/b/510000/0203/20260724/0051c1d8af6d98134c7ca71b28ab92d61388.html,"A口径L2精读；主品类=信息化设备；证据等级=A（平台原始公告）；金额原文=合同金额 13,467元"
2026-07-24,四川文轩教育科技有限公司,南江县文庙小学便携式计算机直接选定采购合同,0.57,待核实,四川省,https://www.ggzy.gov.cn/information/deal/html/b/510000/0203/20260724/005101cd85878555499b8f34676407eab2b8.html,"A口径L2精读；主品类=信息化设备；证据等级=A（平台原始公告）；金额原文=合同金额 5,716元"
2026-07-24,中国电信股份有限公司,木里县中小学智慧校园ai升级改造项目,424.17,待核实,四川省,https://www.ggzy.gov.cn/information/deal/html/b/510000/0203/20260724/00511aacef6ccd6e4e6293e1b2aa807dd6f7.html,"A口径L2精读；主品类=智慧校园；证据等级=A（平台原始公告）；金额原文=合同金额 4,241,666元"
2026-07-24,成都天誉光彩科技有限公司,绵竹市紫岩小学校LED显示屏二次竞价采购合同,14.9,待核实,四川省,https://www.ggzy.gov.cn/information/deal/html/b/510000/0203/20260724/00517a6efda87439403a95e25c7f0cbfc857.html,"A口径L2精读；主品类=大屏；证据等级=A（平台原始公告）；金额原文=合同金额 148,980元"
2026-07-24,四川晟育科技有限公司,绵阳市安州区桑枣镇小学触控一体机直接选定采购合同,11.86,待核实,四川省,https://www.ggzy.gov.cn/information/deal/html/b/510000/0203/20260724/00511f1544b694a64f1bb4f8f687364b239c.html,"A口径L2精读；主品类=大屏；证据等级=A（平台原始公告）；金额原文=合同金额 118,560元"
2026-07-24,杭州科通电子工程有限公司,温岭市各中小学校教室多媒体设备项目合同,待核实,待核实,浙江省,https://www.ggzy.gov.cn/information/deal/html/b/330000/0203/20260724/0033fe964d032ed54ccd8cf86fba36898f35.html,A口径L2精读；主品类=信息化设备；证据等级=A（平台原始公告）；金额原文=合同金额 0元
2026-07-23,四川文轩教育科技有限公司,合江县月亮街小学校设备设施购置（信息化基础设备设施及智慧校园建设）,59.8,待核实,四川省,https://www.ggzy.gov.cn/information/deal/html/b/510000/0203/20260723/00511045330688b0499f95a78b01ae4af608.html,"A口径L2精读；主品类=智慧校园；证据等级=A（平台原始公告）；金额原文=合同金额 598,000元"
2026-07-23,四川享名智商贸有限公司,成都高新区锦晖小学LED显示屏直接选定采购合同,17.08,待核实,四川省,https://www.ggzy.gov.cn/information/deal/html/b/510000/0203/20260723/0051a5ca8e6d7af44a5b83e97c24f3e96797.html,"A口径L2精读；主品类=大屏；证据等级=A（平台原始公告）；金额原文=合同金额 170,800元"
2026-07-23,四川创帝方科技有限公司,成都市双流区东升小学台式计算机直接选定采购合同,7.42,待核实,四川省,https://www.ggzy.gov.cn/information/deal/html/b/510000/0203/20260723/0051f9f52d28addd4d3b9dbf5d5f2fcd87b4.html,"A口径L2精读；主品类=信息化设备；证据等级=A（平台原始公告）；金额原文=合同金额 74,235元"
2026-07-23,四川创帝方科技有限公司,成都市双流区东升小学便携式计算机直接选定采购合同,6.95,待核实,四川省,https://www.ggzy.gov.cn/information/deal/html/b/510000/0203/20260723/005146c2fbaf498c4f70b082a4c40926617c.html,"A口径L2精读；主品类=信息化设备；证据等级=A（平台原始公告）；金额原文=合同金额 69,480元"
2026-07-23,四川享名智商贸有限公司,成都高新区天辰路小学LED显示屏直接选定采购合同,19.78,待核实,四川省,https://www.ggzy.gov.cn/information/deal/html/b/510000/0203/20260723/0051b283312bd8fa429f90fae09b908a22b7.html,"A口径L2精读；主品类=大屏；证据等级=A（平台原始公告）；金额原文=合同金额 197,800元"
2026-07-22,西昌建川办公设备有限公司,冕宁县高阳小学校触控一体机直接选定采购合同,1.99,待核实,四川省,https://www.ggzy.gov.cn/information/deal/html/b/510000/0203/20260722/00518292e4d507d640e5b48ae1ee45551ccd.html,"A口径L2精读；主品类=大屏；证据等级=A（平台原始公告）；金额原文=合同金额 19,900元"
2026-07-22,西昌建川办公设备有限公司,冕宁县高阳小学校台式计算机直接选定采购合同,1.45,待核实,四川省,https://www.ggzy.gov.cn/information/deal/html/b/510000/0203/20260722/0051a48e841f4eee4fe881c154e1da175d43.html,"A口径L2精读；主品类=信息化设备；证据等级=A（平台原始公告）；金额原文=合同金额 14,460元"
2026-07-22,西昌建川办公设备有限公司,冕宁县高阳小学校便携式计算机直接选定采购合同,0.64,待核实,四川省,https://www.ggzy.gov.cn/information/deal/html/b/510000/0203/20260722/00517fae68bc7f4b4b458a291ca48e2734f8.html,"A口径L2精读；主品类=信息化设备；证据等级=A（平台原始公告）；金额原文=合同金额 6,389元"
2026-07-22,上海航今信息科技有限公司,愚一、威宁小学弱电、多媒体系统更新的合同,398.82,待核实,上海市,https://www.ggzy.gov.cn/information/deal/html/b/310000/0203/20260722/0031c117c1c8df814799b3ece675fd2e9941.html,"A口径L2精读；主品类=信息化设备；证据等级=A（平台原始公告）；金额原文=合同金额 3,988,166元"
2026-07-22,甘洛县宏达商贸有限责任公司,甘洛县新市坝镇附城小学校便携式计算机直接选定采购合同,2.56,待核实,四川省,https://www.ggzy.gov.cn/information/deal/html/b/510000/0203/20260722/00517639e5f427174b688ff428e4d301df6b.html,"A口径L2精读；主品类=信息化设备；证据等级=A（平台原始公告）；金额原文=合同金额 25,556元"
2026-07-22,泸州旺福达商贸有限公司,古蔺县椒园镇中心小学校LED显示屏直接选定采购合同,5.18,待核实,四川省,https://www.ggzy.gov.cn/information/deal/html/b/510000/0203/20260722/005100762d00903348b78f1117f95cb0f89c.html,"A口径L2精读；主品类=大屏；证据等级=A（平台原始公告）；金额原文=合同金额 51,841.5元"
2026-07-22,四川文轩教育科技有限公司,盐亭县富驿镇花林小学台式计算机直接选定采购合同,3.15,待核实,四川省,https://www.ggzy.gov.cn/information/deal/html/b/510000/0203/20260722/0051e6a35b793ff44e61a0eccf7316165ecd.html,"A口径L2精读；主品类=信息化设备；证据等级=A（平台原始公告）；金额原文=合同金额 31,493元"
2026-07-22,乐山市惠灵科技有限公司,井研县城南小学校触控一体机直接选定采购合同,5.19,待核实,四川省,https://www.ggzy.gov.cn/information/deal/html/b/510000/0203/20260722/005124d86da0c6d844e89e94336c1e8ea4eb.html,"A口径L2精读；主品类=大屏；证据等级=A（平台原始公告）；金额原文=合同金额 51,900元"
2026-07-22,雅安市开达商用电子技术有限公司,雅安市雨城区第十小学触控一体机直接选定采购合同,3.8,待核实,四川省,https://www.ggzy.gov.cn/information/deal/html/b/510000/0203/20260722/005164c927e3f5d840a696bb5549e6221b74.html,"A口径L2精读；主品类=大屏；证据等级=A（平台原始公告）；金额原文=合同金额 38,000元"
2026-07-22,雅安市开达商用电子技术有限公司,雅安市雨城区第十小学台式计算机直接选定采购合同,0.49,待核实,四川省,https://www.ggzy.gov.cn/information/deal/html/b/510000/0203/20260722/0051335a53f589a34c3390e795e06f71c56c.html,"A口径L2精读；主品类=信息化设备；证据等级=A（平台原始公告）；金额原文=合同金额 4,949元"
2026-07-22,四川文轩教育科技有限公司,盐亭县富驿镇五马小学台式计算机直接选定采购合同,15.3,待核实,四川省,https://www.ggzy.gov.cn/information/deal/html/b/510000/0203/20260722/0051f280ff4f930a4f49b13a3390601e13c1.html,"A口径L2精读；主品类=信息化设备；证据等级=A（平台原始公告）；金额原文=合同金额 152,966元"
2026-07-22,浙江华数广电网络股份有限公司,2026年云和县中小学教室多媒体采购项目（第二次）合同,待核实,待核实,浙江省,https://www.ggzy.gov.cn/information/deal/html/b/330000/0203/20260722/003306f7801cda9e436ca42e78f83d80e626.html,A口径L2精读；主品类=信息化设备；证据等级=A（平台原始公告）；金额原文=合同金额 0元
2026-07-22,四川众维鑫信息技术有限公司,成都市金沙小学便携式计算机直接选定采购合同,12.0,待核实,四川省,https://www.ggzy.gov.cn/information/deal/html/b/510000/0203/20260722/0051bdb5424656304bee99baccc70a09ab79.html,"A口径L2精读；主品类=信息化设备；证据等级=A（平台原始公告）；金额原文=合同金额 120,000元"
2026-07-22,北京九洲科瑞科技有限公司,成都市金沙小学台式计算机直接选定采购合同,2.95,待核实,四川省,https://www.ggzy.gov.cn/information/deal/html/b/510000/0203/20260722/0051118f81d14ff04f13b326c37718dcfba5.html,"A口径L2精读；主品类=信息化设备；证据等级=A（平台原始公告）；金额原文=合同金额 29,508元"
2026-07-21,四川文轩教育科技有限公司,蓬溪县鸣凤镇小学校触控一体机直接选定采购合同,2.02,待核实,四川省,https://www.ggzy.gov.cn/information/deal/html/b/510000/0203/20260721/0051c8efbfff38aa43c4ae5ed504cd32a81b.html,"A口径L2精读；主品类=大屏；证据等级=A（平台原始公告）；金额原文=合同金额 20,180元"
2026-07-21,宁波聚超翔信息技术服务有限公司,宁波市鄞州区钟公庙中心小学智慧黑板采购及安装项目合同,待核实,待核实,浙江省,https://www.ggzy.gov.cn/information/deal/html/b/330000/0203/20260721/0033a208683762134007901d567d7cb4e847.html,A口径L2精读；主品类=智慧黑板；证据等级=A（平台原始公告）；金额原文=合同金额 0元
2026-07-21,杭州威达计算机网络工程有限公司,杭州市临平区崇信小学电脑采购项目合同,待核实,待核实,浙江省,https://www.ggzy.gov.cn/information/deal/html/b/330000/0203/20260721/0033d6580d1128074cd8aa43946e6ff0b34c.html,A口径L2精读；主品类=信息化设备；证据等级=A（平台原始公告）；金额原文=合同金额 0元
2026-07-21,四川众维鑫信息技术有限公司,成都市双流区实验小学外国语学校台式计算机直接选定采购合同,4.97,待核实,四川省,https://www.ggzy.gov.cn/information/deal/html/b/510000/0203/20260721/00515eb6623d887f4382b042b56a0ee5f1f5.html,"A口径L2精读；主品类=信息化设备；证据等级=A（平台原始公告）；金额原文=合同金额 49,700元"
2026-07-21,四川智己未来科技有限公司,成都市双流区棠湖小学触控一体机直接选定采购合同,7.94,待核实,四川省,https://www.ggzy.gov.cn/information/deal/html/b/510000/0203/20260721/0051f6de43670c9a4689aa75b449f1310e26.html,"A口径L2精读；主品类=大屏；证据等级=A（平台原始公告）；金额原文=合同金额 79,400元"
2026-07-21,成都联硕众合科技有限公司,成都市双流区棠湖小学台式计算机直接选定采购合同,7.42,待核实,四川省,https://www.ggzy.gov.cn/information/deal/html/b/510000/0203/20260721/0051bb6707c38c944878b5124a7e645b60e8.html,"A口径L2精读；主品类=信息化设备；证据等级=A（平台原始公告）；金额原文=合同金额 74,235元"
2026-07-21,安徽乐创教育科技有限公司,安庆市公园小学人工智能实验室及科创中心采购建设合同,67.17,待核实,安徽省,https://www.ggzy.gov.cn/information/deal/html/b/340000/0203/20260721/0034f864894fd1114380a1798eb10d40f007.html,"A口径L2精读；主品类=人工智能；证据等级=A（平台原始公告）；金额原文=合同金额 671,700元"
2026-07-20,绵阳众诚致远科技有限公司,绵阳经济技术开发区实验小学台式计算机直接选定采购合同,2.47,待核实,四川省,https://www.ggzy.gov.cn/information/deal/html/b/510000/0203/20260720/0051371690a5c74f49b2b70207158268b426.html,"A口径L2精读；主品类=信息化设备；证据等级=A（平台原始公告）；金额原文=合同金额 24,745元"
2026-07-20,绵阳众诚致远科技有限公司,绵阳经济技术开发区实验小学便携式计算机直接选定采购合同,2.0,待核实,四川省,https://www.ggzy.gov.cn/information/deal/html/b/510000/0203/20260720/0051bd5665f8e7c74ac188a086cea7430ac2.html,"A口径L2精读；主品类=信息化设备；证据等级=A（平台原始公告）；金额原文=合同金额 19,977元"
2026-07-20,四川承程科技有限公司,德阳市岷山路小学LED显示屏直接选定采购合同,19.93,待核实,四川省,https://www.ggzy.gov.cn/information/deal/html/b/510000/0203/20260720/00518cf79db751cc4f419e00efef71f76429.html,"A口径L2精读；主品类=大屏；证据等级=A（平台原始公告）；金额原文=合同金额 199,320元"
2026-07-20,杭州丹帝科技有限公司,杭州市临平区临平第三小学触控一体机设备采购项目合同,待核实,待核实,浙江省,https://www.ggzy.gov.cn/information/deal/html/b/330000/0203/20260720/0033eaf350a90a404656b40d968a058c00f3.html,A口径L2精读；主品类=大屏；证据等级=A（平台原始公告）；金额原文=合同金额 0元
2026-07-20,成都华慧鼎新科技有限公司,蒲江县蒲江中学附属小学台式计算机直接选定采购合同,3.11,待核实,四川省,https://www.ggzy.gov.cn/information/deal/html/b/510000/0203/20260720/005195e28dedd6d0494480a8fda646b56fed.html,"A口径L2精读；主品类=信息化设备；证据等级=A（平台原始公告）；金额原文=合同金额 31,080元"
2026-07-20,成都昭源科技有限公司,蒲江县蒲江中学附属小学便携式计算机直接选定采购合同,5.33,待核实,四川省,https://www.ggzy.gov.cn/information/deal/html/b/510000/0203/20260720/0051e58d2aebd3ce4746a438981bd542bf4e.html,"A口径L2精读；主品类=信息化设备；证据等级=A（平台原始公告）；金额原文=合同金额 53,312元"
2026-07-20,四川优信志成信息技术有限公司,成都师范附属小学华润分校触控一体机直接选定采购合同,7.5,待核实,四川省,https://www.ggzy.gov.cn/information/deal/html/b/510000/0203/20260720/005198e47db9101b4708a471a1a74bf617e8.html,"A口径L2精读；主品类=大屏；证据等级=A（平台原始公告）；金额原文=合同金额 75,000元"
2026-07-26,四川佳禾均诚科技有限公司,四川大学附属中学新城分校触控一体机直接选定采购合同,3.88,待核实,四川省,https://www.ggzy.gov.cn/information/deal/html/b/510000/0203/20260726/00514398682d076649dabe924eb93e03305f.html,"A口径L2精读；主品类=大屏；证据等级=A（平台原始公告）；金额原文=合同金额 38,800元"
2026-07-25,成都上林科教设备有限公司,四川省乐至县吴仲良中学LED显示屏直接选定采购合同,19.33,待核实,四川省,https://www.ggzy.gov.cn/information/deal/html/b/510000/0203/20260725/0051d648cc2e484847deaebccb47c111a998.html,"A口径L2精读；主品类=大屏；证据等级=A（平台原始公告）；金额原文=合同金额 193,336元"
2026-07-24,成都赛维思创信息技术有限公司,成都东部新区第七中学校（成都七中东部学校）触控一体机直接选定采购合同,19.25,待核实,四川省,https://www.ggzy.gov.cn/information/deal/html/b/510000/0203/20260724/005125a8ba98ad334205866f15269aefcec0.html,"A口径L2精读；主品类=大屏；证据等级=A（平台原始公告）；金额原文=合同金额 192,500元"
2026-07-24,宜宾腾信电子科技有限公司,宜宾市第七初级中学校触控一体机直接选定采购合同,15.75,待核实,四川省,https://www.ggzy.gov.cn/information/deal/html/b/510000/0203/20260724/005171d77e52ec004f148f36ab2fc46b7635.html,"A口径L2精读；主品类=大屏；证据等级=A（平台原始公告）；金额原文=合同金额 157,500元"
2026-07-24,沧州零度信息技术有限公司,河北黄骅中学智能化教学设备采购项目（一标段：智能化AI设备）,194.9,待核实,河北省,https://www.ggzy.gov.cn/information/deal/html/b/130000/0203/20260724/0013d2b4345b65d74d74b5c15e5da541d411.html,"A口径L2精读；主品类=人工智能；证据等级=A（平台原始公告）；金额原文=合同金额 1,949,000元"
2026-07-24,山西农谷甲木科技有限公司,晋中市太谷区职业中学校建筑装饰技术专业高水平实训基地建设教学软件采购合同,98.1,待核实,山西省,https://www.ggzy.gov.cn/information/deal/html/b/140000/0203/20260724/0014d6282467d0974f6c8b57e81f0357554c.html,A口径L2精读；主品类=教学软件；证据等级=A（平台原始公告）；金额原文=合同金额 98.1万元
2026-07-24,四川文轩教育科技有限公司,甘洛县第二中学信息化场馆建设项目,869.5,待核实,四川省,https://www.ggzy.gov.cn/information/deal/html/b/510000/0203/20260724/0051869a1d5b800344a38d98aec19dc370b3.html,"A口径L2精读；主品类=信息化；证据等级=A（平台原始公告）；金额原文=合同金额 8,695,000元"
2026-07-23,四川湛泸科技有限公司,泸州市第十二初级中学校台式计算机直接选定采购合同,0.5,待核实,四川省,https://www.ggzy.gov.cn/information/deal/html/b/510000/0203/20260723/0051fe6751f10f2644c180d8b1be6c2d7b69.html,"A口径L2精读；主品类=信息化设备；证据等级=A（平台原始公告）；金额原文=合同金额 4,967元"
2026-07-23,四川金通信息技术有限公司,泸州市第十二初级中学校便携式计算机直接选定采购合同,0.7,待核实,四川省,https://www.ggzy.gov.cn/information/deal/html/b/510000/0203/20260723/005141fcf323c5eb4f318e5b1fb193ea4546.html,"A口径L2精读；主品类=信息化设备；证据等级=A（平台原始公告）；金额原文=合同金额 6,970元"
2026-07-23,四川升讯航科技有限公司,宜宾市第十初级中学校触控一体机直接选定采购合同,15.75,待核实,四川省,https://www.ggzy.gov.cn/information/deal/html/b/510000/0203/20260723/005183534022b40c41b7b72dbf0a6ebc25f0.html,"A口径L2精读；主品类=大屏；证据等级=A（平台原始公告）；金额原文=合同金额 157,500元"
2026-07-23,四川昊拓科技有限公司,四川省成都市第十一中学（四川省成都市女子实验中学）台式计算机直接选定采购合同,19.99,待核实,四川省,https://www.ggzy.gov.cn/information/deal/html/b/510000/0203/20260723/005170c683340d7b4a3caa1218919c66c8c8.html,"A口径L2精读；主品类=信息化设备；证据等级=A（平台原始公告）；金额原文=合同金额 199,920元"
2026-07-23,凉山州兴育科技有限公司,木里藏族自治县中学触控一体机直接选定采购合同,19.99,待核实,四川省,https://www.ggzy.gov.cn/information/deal/html/b/510000/0203/20260723/00511ef0e2a3bde34d4193bd7846df1188df.html,"A口径L2精读；主品类=大屏；证据等级=A（平台原始公告）；金额原文=合同金额 199,920元"
2026-07-23,福建鑫宏毅信息技术有限公司,泉州第五中学海丝校区触控一体机及光能黑板货物类采购,74.92,待核实,福建省,https://www.ggzy.gov.cn/information/deal/html/b/350000/0203/20260723/0035982654830d2a4585ac6eec3db63cb3ee.html,"A口径L2精读；主品类=大屏；证据等级=A（平台原始公告）；金额原文=合同金额 749,250元"
2026-07-22,凉山州景腾商贸有限公司,西昌市南宁中学台式计算机直接选定采购合同,19.2,待核实,四川省,https://www.ggzy.gov.cn/information/deal/html/b/510000/0203/20260722/005162b5de7725674373a021abb9582f4fdf.html,"A口径L2精读；主品类=信息化设备；证据等级=A（平台原始公告）；金额原文=合同金额 192,000元"
2026-07-22,四川致展信息技术有限公司,四川省双流中学触控一体机直接选定采购合同,15.92,待核实,四川省,https://www.ggzy.gov.cn/information/deal/html/b/510000/0203/20260722/00515bf1776dc3bb474882592fab8e99274c.html,"A口径L2精读；主品类=大屏；证据等级=A（平台原始公告）；金额原文=合同金额 159,200元"
2026-07-22,南充市中科芯启数码电子产品有限责任公司,四川省南充龙门中学台式计算机直接选定采购合同,13.42,待核实,四川省,https://www.ggzy.gov.cn/information/deal/html/b/510000/0203/20260722/0051c87df9eb56d644dfbe3bffc00eb33bcd.html,"A口径L2精读；主品类=信息化设备；证据等级=A（平台原始公告）；金额原文=合同金额 134,190元"
2026-07-22,深圳市瞭望实业有限公司,龙岗区平冈中学人工智能创新实验室设备设施采购项目,178.87,待核实,广东省,https://www.ggzy.gov.cn/information/deal/html/b/440000/0203/20260722/0044f2e2e868455f479a9b65ecd8fd2d8946.html,"A口径L2精读；主品类=人工智能；证据等级=A（平台原始公告）；金额原文=合同金额 1,788,686元"
2026-07-21,雅安市开达商用电子技术有限公司,雅安市雨城区上里镇初级中学触控一体机直接选定采购合同,9.56,待核实,四川省,https://www.ggzy.gov.cn/information/deal/html/b/510000/0203/20260721/00510bebc86da6754867b9147eceac104311.html,"A口径L2精读；主品类=大屏；证据等级=A（平台原始公告）；金额原文=合同金额 95,600元"
2026-07-21,马鞍山市盛联科技有限公司,马鞍山市第二中学博望分校2026年信息化设备采购项目合同备案,70.78,待核实,安徽省,https://www.ggzy.gov.cn/information/deal/html/b/340000/0203/20260721/0034a2834a9224504d7aa80baea0e033a97d.html,"A口径L2精读；主品类=信息化；证据等级=A（平台原始公告）；金额原文=合同金额 707,777元"
2026-07-21,成都普莱思科技有限公司,四川天府新区第八中学台式计算机直接选定采购合同,19.98,待核实,四川省,https://www.ggzy.gov.cn/information/deal/html/b/510000/0203/20260721/005120d88ef8d3f34b7b8d76d0f44fbfe7b8.html,"A口径L2精读；主品类=信息化设备；证据等级=A（平台原始公告）；金额原文=合同金额 199,760元"
2026-07-21,成都九联汇丰商贸有限公司,温江中学实验学校触控一体机直接选定采购合同,17.73,待核实,四川省,https://www.ggzy.gov.cn/information/deal/html/b/510000/0203/20260721/00518fbe25be02904eebaa10c6ec75f2c7c2.html,"A口径L2精读；主品类=大屏；证据等级=A（平台原始公告）；金额原文=合同金额 177,300元"
2026-07-21,成都峰哲科技发展有限公司,四川天府新区鹿溪学校（四川天府新区第四中学校鹿溪校区）便携式计算机直接选定采购合同,7.04,待核实,四川省,https://www.ggzy.gov.cn/information/deal/html/b/510000/0203/20260721/0051975ec2278eef4bbab055d2144fe3c456.html,"A口径L2精读；主品类=信息化设备；证据等级=A（平台原始公告）；金额原文=合同金额 70,378元"
2026-07-21,网联云汇数字科技（成都）有限公司,四川天府新区鹿溪学校（四川天府新区第四中学校鹿溪校区）台式计算机直接选定采购合同,17.26,待核实,四川省,https://www.ggzy.gov.cn/information/deal/html/b/510000/0203/20260721/00518f1b9a75e8be4bb4be673b644e5b16fd.html,"A口径L2精读；主品类=信息化设备；证据等级=A（平台原始公告）；金额原文=合同金额 172,620元"
2026-07-21,成都创世金翮企业管理有限公司,四川天府新区鹿溪学校（四川天府新区第四中学校鹿溪校区）触控一体机直接选定采购合同,7.52,待核实,四川省,https://www.ggzy.gov.cn/information/deal/html/b/510000/0203/20260721/0051052673fedfa14b9e97d7e05b37b48a4c.html,"A口径L2精读；主品类=大屏；证据等级=A（平台原始公告）；金额原文=合同金额 75,200元"
2026-07-21,自贡市宏志科技有限公司,自贡市第一中学校LED显示屏直接选定采购合同,1.4,待核实,四川省,https://www.ggzy.gov.cn/information/deal/html/b/510000/0203/20260721/00517cc4123020434c7c87d0ec429ae25662.html,"A口径L2精读；主品类=大屏；证据等级=A（平台原始公告）；金额原文=合同金额 14,045元"
2026-07-21,四川三和瑞腾科技有限公司,四川省阿坝州民族高级中学台式计算机直接选定采购合同,18.8,待核实,四川省,https://www.ggzy.gov.cn/information/deal/html/b/510000/0203/20260721/005159560d6aedaf4812bf2049e460d0d8ca.html,"A口径L2精读；主品类=信息化设备；证据等级=A（平台原始公告）；金额原文=合同金额 187,980元"
2026-07-21,永靖工兴商贸有限公司,永靖县2026年永靖中学智慧校园建设项目合同,待核实,待核实,甘肃省,https://www.ggzy.gov.cn/information/deal/html/b/620000/0203/20260721/0062e112749a43ef4d6699e4f1dbc702d05b.html,"A口径L2精读；主品类=智慧校园；证据等级=A（平台原始公告）；L2状态=金额疑似异常；金额原文=合同金额 25,714,600,000元"
2026-07-21,中国电信股份有限公司,且末县第二中学3间云机房及1间信息化实验室设备采购项目(二次）合同,136.98,待核实,新疆维吾尔自治区,https://www.ggzy.gov.cn/information/deal/html/b/650000/0203/20260721/00657acc455f418b4abfad6fdf45c0f50dfb.html,"A口径L2精读；主品类=信息化设备；证据等级=A（平台原始公告）；金额原文=合同金额 1,369,793.75元"
2026-07-21,福州鑫万博商贸有限公司,黄如论中学温泉校区音体美、生物、信息、录播等功能室及电教设备采购,78.81,待核实,福建省,https://www.ggzy.gov.cn/information/deal/html/b/350000/0203/20260721/0035d5c6225205ce44c4b1de5de5fa6f6179.html,"A口径L2精读；主品类=信息化设备；证据等级=A（平台原始公告）；金额原文=合同金额 788,100元"
2026-07-21,中电信数智科技有限公司,桐城中学计算机化考试标准化考场建设采购项目合同,379.8,待核实,安徽省,https://www.ggzy.gov.cn/information/deal/html/b/340000/0203/20260721/003408f1a53cace047bf808934bd2997e3ed.html,"A口径L2精读；主品类=信息化设备；证据等级=A（平台原始公告）；金额原文=合同金额 3,798,000元"
2026-07-20,四川宏宇新融科技有限公司,四川师范大学附属中学锦华分校触控一体机直接选定采购合同,15.0,待核实,四川省,https://www.ggzy.gov.cn/information/deal/html/b/510000/0203/20260720/0051a64bac7f078046c0a34547f74ca4bf4c.html,"A口径L2精读；主品类=大屏；证据等级=A（平台原始公告）；金额原文=合同金额 150,000元"
2026-07-20,上海仪电鑫森科技发展有限公司,顾村中学外语听说考场用计算机等设备采购的合同,193.7,待核实,上海市,https://www.ggzy.gov.cn/information/deal/html/b/310000/0203/20260720/0031fee05d29e8ca4010ae508d609e32b7e5.html,"A口径L2精读；主品类=信息化设备；证据等级=A（平台原始公告）；金额原文=合同金额 1,936,960元"
2026-07-20,成都视佳科技有限公司,成都市双流区棠湖中学实验学校（西区）触控一体机直接选定采购合同,9.6,待核实,四川省,https://www.ggzy.gov.cn/information/deal/html/b/510000/0203/20260720/0051cf8b4a57f5f04162ad248f630bab4ef6.html,"A口径L2精读；主品类=大屏；证据等级=A（平台原始公告）；金额原文=合同金额 96,000元"
2026-07-20,新疆时空信息技术有限公司,乌鲁木齐市高级中学录播教室升级改造项目合同,67.58,待核实,新疆维吾尔自治区,https://www.ggzy.gov.cn/information/deal/html/b/650000/0203/20260720/006589ccefe8ff8a41dab4487e42869a1943.html,"A口径L2精读；主品类=信息化设备；证据等级=A（平台原始公告）；金额原文=合同金额 675,800元"
2026-07-20,深圳陆捌教学设备有限公司,深圳中学科技高中触控一体机采购项目合同,203.86,待核实,广东省,https://www.ggzy.gov.cn/information/deal/html/b/440000/0203/20260720/0044010c9a42527b43118bda6e168e3972f5.html,"A口径L2精读；主品类=大屏；证据等级=A（平台原始公告）；金额原文=合同金额 2,038,600元"
2026-07-20,福建智博教育科技有限公司,闽侯县第一中学新建教学楼直录播室,57.47,待核实,福建省,https://www.ggzy.gov.cn/information/deal/html/b/350000/0203/20260720/003526c87869fbde41f18afe64a417b98805.html,"A口径L2精读；主品类=信息化设备；证据等级=A（平台原始公告）；金额原文=合同金额 574,700元"
2026-07-22,四川云道智创教育科技有限公司,自贡市汇东实验学校触控一体机直接选定采购合同,17.88,待核实,四川省,https://www.ggzy.gov.cn/information/deal/html/b/510000/0203/20260722/00517c3b1e938c9d4d3c8aa2e8c70982570d.html,"A口径L2精读；主品类=大屏；证据等级=A（平台原始公告）；金额原文=合同金额 178,800元"
2026-07-20,遂宁市诚联亿卓电脑有限公司,遂宁市富源实验学校台式计算机直接选定采购合同,2.48,待核实,四川省,https://www.ggzy.gov.cn/information/deal/html/b/510000/0203/20260720/0051aab323ad06814cfda6833812c6f18636.html,"A口径L2精读；主品类=信息化设备；证据等级=A（平台原始公告）；金额原文=合同金额 24,835元"
2026-07-20,遂宁佳欣永恒电脑有限公司,遂宁市富源实验学校触控一体机直接选定采购合同,1.93,待核实,四川省,https://www.ggzy.gov.cn/information/deal/html/b/510000/0203/20260720/00519885e7107e614d298eea5f6640ca6680.html,"A口径L2精读；主品类=大屏；证据等级=A（平台原始公告）；金额原文=合同金额 19,298元"
2026-07-22,宜宾腾信电子科技有限公司,宜宾三江新区成都外国语学校触控一体机直接选定采购合同,3.08,待核实,四川省,https://www.ggzy.gov.cn/information/deal/html/b/510000/0203/20260722/00510863152126294e0d95df3000582f06d5.html,"A口径L2精读；主品类=大屏；证据等级=A（平台原始公告）；金额原文=合同金额 30,800元"
2026-07-24,大连悦丰泰科技有限公司,甘井子区教育局教育信息化环境运维服务项目-1【合同】,146.1,待核实,辽宁省,https://www.ggzy.gov.cn/information/deal/html/b/210000/0203/20260724/0021d821ffc733f14121acb73ee8bb651f80.html,"A口径L2精读；主品类=信息化；证据等级=A（平台原始公告）；金额原文=合同金额 1,461,000元"
2026-07-24,杭州尚烽科技有限公司,杭州市滨江区教育局下属学校2026年信创电脑采购及安装项目（重招）合同,待核实,待核实,浙江省,https://www.ggzy.gov.cn/information/deal/html/b/330000/0203/20260724/00334a629ded6695410c9b9ff13f641338c6.html,A口径L2精读；主品类=信息化设备；证据等级=A（平台原始公告）；金额原文=合同金额 0元
2026-07-22,浙江新远方信息产业发展有限公司,杭州市滨江区教育局下属学校2026年触控一体机采购及安装项目合同,待核实,待核实,浙江省,https://www.ggzy.gov.cn/information/deal/html/b/330000/0203/20260722/003352ca570ea943475390b6cfa7f375dd16.html,A口径L2精读；主品类=大屏；证据等级=A（平台原始公告）；金额原文=合同金额 0元
2026-07-20,中国电信股份有限公司,广东省政府采购合同书（广州市电化教育馆2026-2028年信息化运维项目之广州市教育局校园视频监控建设联网应用）,16.83,待核实,广东省,https://www.ggzy.gov.cn/information/deal/html/b/440000/0203/20260720/0044fc595ba9552546ed8ed7181d058f3303.html,"A口径L2精读；主品类=信息化；证据等级=A（平台原始公告）；金额原文=合同金额 168,300元"
2026-07-20,遂宁裕德商贸有限责任公司,遂宁市安居区拦江镇九年义务教育学校LED显示屏直接选定采购合同,5.17,待核实,四川省,https://www.ggzy.gov.cn/information/deal/html/b/510000/0203/20260720/0051ff85bf0fe41e441a8e83bab6e64b5fad.html,"A口径L2精读；主品类=大屏；证据等级=A（平台原始公告）；金额原文=合同金额 51,696元"
2026-07-20,遂宁市全线科技有限公司,遂宁市安居区拦江镇九年义务教育学校台式计算机直接选定采购合同,0.64,待核实,四川省,https://www.ggzy.gov.cn/information/deal/html/b/510000/0203/20260720/00511625adc4e31846d6999869f14947c64f.html,"A口径L2精读；主品类=信息化设备；证据等级=A（平台原始公告）；金额原文=合同金额 6,360元"
